1,Virginia
2,Joaquín
3,Blanca
4,Lázaro
5,Tía Pilar
6,Tío Manolo
7,Tía Beatriz
8,Xabi
9,Tía Esther
10,Abuela
11,Carlos
12,Víctor
13,Claire
14,Gael
15,Tío Javier
16,Tío Bernardino
17,Mercedes
18,Quique
19,Maricarmen
20,Jose luis
21,Pepe
22,Lola
23,Javi Aznar
24,Inma
25,Edu Nogues
26,Vir Jarabo
27,Carmen
28,Pedro
29,Jorge
30,Marina
31,Nacho Muñoz
32,Pepe Mallent
33,Pepu
34,Manolo
35,Cristian
36,Lucia
37,Tío Rafa
38,Tía Amparo
39,Yolanda
40,Juanda
41,Leo
42,Carol
43,Mario
44,Valentina
45,Mateo
46,Carmensin
47,Juan Carlos marido
48,Mª Jose 
49,Angel Sanahuja
50,Alex
51,Blanca
52,Eva
53,Manolín
54,Isabel
55,Nacho
56,Inma
57,Tio Pepe
58,Tia Carmensin
59,Tia Conchin
60,Begoña
61,Ximo
62,Cristina
63,Juan
64,Virginia
65,Javier (IA)
66,Inma
67,Mariano
68,Ana
69,Juan
70,Victor
71,Joan
72,Marcos
73,Claudia
74,Maricarmen
75,José
76,Cristina de Rosa
77,Novio suizo Cristina (Erhardt)
78,Pepa Company
79,Adela
80,José Luis
81,Cris Romero
82,Carlos
83,Ferran Romero
84,Borja
85,Ana Mora
86,Nacho chileno
87,Cameron
88,Gema
89,Luisa
90,Andrés pareja luisa
91,Macarena
92,Marcos pareja macarena
93,Marta Gimeno
94,Laura Rausell
95,Rodrigo
96,Joan
97,Ana Briz
98,Mario JCB
99,Memen JCB
100,Marta Benlloch
101,Moni Arribas
102,Acompañante Moni
103,Paula Mira
104,Josso
105,Moni Gómez Lechón
106,Acompañante Moni
107,Shere
108,Andrea
109,David
110,Bea Esteban
111,Acompañante Bea Esteban
112,Tamara
113,Laura liebana
114,Cris Rubio
115,Pata
116,Marta herreros
117,Nerea Garcia
118,Mar Andrés
119,Iborra
120,Marcos
121,Acompañante Marcos Natalia
122,Mateo
123,Sara
124,Juanan
125,Laura
126,Sarri
127,Olga
128,Muso
129,Bea Musoles
130,Miguel novio Bea
131,Sánchez
132,Dolz
133,Kiara
134,Esteban
135,Patri
136,Blas
137,Raquel
138,Clohe hija blas y raquel
139,Richi
140,María
140,Nacho Vidal
141,Alberto Aires
142,Marta Lozano
143,Carlos Blasquito
144,Esther
145,Pablo Mdm
146,Rosalía
147,Manu Seguí
148,Novia Manu Seguí
149,Lluc
150,Acompañante Lluc
151,Rocío Sánchez
152,Edu pareja rocio sanchez
153,Pablo Sabater
154,Javi Sabater
155,Matt Bialosky
156,Salva
157,Luna Novia Salva
158,Juanfe Gallego
159,Cris Novia Juanfe
160,James
161,Sergio Colombia
162,Augusto
163,Mujer Augusto
164,Arancha
165,Javi
166,Jose Antonio Ruiz Laveda
167,Mujer Jose Antonio
168,Alvaro DPF
169,Marvin
170,Carol Cupas
171,Víctor
172,Novio Víctor
173,Álvaro Pastor
174,Jorge Pastor
175,Charlio
176,Pablo
177,Francisco
178,Clochi
179,Telli
180,Isma
181,Mujer
182,Noah
183,Victor
184,Aroa
185,Ana
186,Kurt
187,Alvarito
188,Lozano
189,Delás